pack_id,pack_name,mandatory_cross_source_questions,required_outputs,stop_condition
NB01,Global AI Governance / Treaties / International Instruments,"Which instruments are binding vs nonbinding?; Which actors/states are addressed?; Which human-sovereignty protections recur?; Which governance duties are only recommendations?; What treaty-status/currentness differences matter?; Which sources address risk management/incident governance?; Where do instruments conflict or leave gaps?; Which claims require country-specific implementation research?","authority map;global principles matrix;treaty-status gaps;HSA threat crosswalk;unknown/conflict register","Do not infer universal legal duty from soft law or non-in-force treaty"
NB02,European Union AI Law,"Map AI Act roles/provider/deployer/GPAI/high-risk/prohibited/transparency duties with exact phased dates; How does 2026/1744 amend duties/dates?; Which Charter/GDPR rights constrain AI use?; Which DSA/Data Act/DGA/NIS2/CRA obligations overlap?; Which national transposition or implementation dependencies remain?; What remedies/enforcement routes exist?; Which duties map to THR-001..024?; Which control/evidence artifacts would test compliance?","EU actor-duty-date matrix;cross-regulation overlap matrix;rights/remedy matrix;control/evidence candidates;conflict/unknown register","Current consolidated version/date or national transposition uncertainty is material"
NB03,United States AI Law,"Separate executive orders/policy plans/OMB guidance/NIST frameworks/state law; Which federal actors/agencies are bound by each memo/order?; What procurement/use/governance duties are stated?; Which sources are nonbinding risk frameworks?; How does Utah current law differ from federal policy?; What preemption/federal-state questions remain open?; What evidence/records would matter for agency/provider accountability?; Which HSA threats lack binding legal coverage?","US authority hierarchy;federal actor-duty matrix;state/federal gap matrix;NIST control crosswalk;unknown register","Do not describe executive policy/framework as Act of Congress or universal private-sector duty"
NB04,Türkiye AI Law,"Which constitutional/privacy/personality/contract/tort/criminal/consumer/internet/cyber provisions may be relevant to each HSA threat?; Which actor elements must be proved?; What exact legal elements are required before breach/crime/liability?; Which rights/remedies/administrative routes exist?; What currentness rechecks are mandatory?; What does 2026-2030 AI Action Plan add as policy rather than law?; Which AI-specific gaps remain?; What evidence would be needed in Turkish proceedings?","TR rights/duty matrix;actor-element matrix;remedy/evidence matrix;currentness checklist;policy-vs-law gap register","Material legal conclusion before live official currentness recheck"
NB05,China / UK / Japan / Korea Comparative Law,"For each jurisdiction separate binding law/regulation from policy/guidance; Which actors/systems are in scope?; What current effective dates/version signals matter?; What duties exist for data, algorithms, AI services, safety, transparency or rights?; What authentic-language/translation limits exist?; Which regulators enforce?; Which HSA threats are explicitly covered or weakly covered?; Compare remedies/oversight without assuming equivalence across legal systems.","jurisdiction authority matrix;actor/duty comparison;language/currentness limitations;HSA coverage heatmap;gap register","Translation/currentness uncertainty or source identity mismatch"
NB06,Human Sovereignty / Neurodata / Cognitive Liberty / Dignity,"Which sources explicitly protect dignity, privacy, mental/bodily integrity, brain activity, autonomy or contestability?; Which rights are jurisdiction-specific vs soft-law concepts?; What biometric/emotion/neurodata rules exist?; What manipulation/vulnerability protections exist?; What automated-decision safeguards exist?; What is the exact scope of Chile Ley 21.383?; What cannot be inferred without CL-002 official full text?; Which HSA threat families map directly vs analogically?","human-rights concept matrix;binding-vs-soft-law matrix;neuro/biometric scope matrix;case-law HOLD register;HSA crosswalk","Do not invent universal named cognitive-liberty right or admit blocked case law"
NB07,Liability / Evidence / Financial Responsibility,"For each jurisdiction/source map actor-duty-breach-causation-damage-remedy-defence-evidence elements; What disclosure/presumption/burden/evidence rules are visible?; Which product/tort/consumer theories could apply and with what limits?; What documentation/logs would be critical?; Where are financial responsibility/insurance mechanisms mandatory, voluntary or merely proposed?; What forum/standing/jurisdiction dependencies remain?; Which incident facts would still be insufficient for liability?","liability element matrix;evidence requirement matrix;remedy/defence matrix;financial responsibility map;case-candidate gate","Do not conclude liability when any material element remains unverified"
NB08,Frontier AI Incidents,"Build a timeline for each incident; Separate observed facts/company attribution/independent corroboration/hypothesis; Identify model/system/tool/access boundaries; What safeguards failed/changed according to sources?; What actor knowledge was public vs actor-specific?; What evidence is missing for causation/damage/legal breach?; Which HSA threats and OWASP trust boundaries are implicated?; What questions should independent investigators/regulators ask next?","incident timeline;fact-attribution matrix;control-gap matrix;knowledge/foreseeability matrix;legal-question backlog","Incident report cannot be promoted to liability or guilt finding"
NB09,Cross-Repo Standards / Requirement Inputs,"What official standard/framework metadata is available?; Which requirements/controls are visible from lawfully available material?; Which clauses cannot be asserted without licensed full text?; Where do standards align with legal/ethical/security duties?; Which test/evidence candidates can be proposed without claiming conformity?; What standard-version/currentness checks are required?","standards metadata matrix;requirement/control candidate crosswalk;licensing/access limitation register","No unseen clause-level claim and no legal-compliance inference from standard conformity"
