record_id,jurisdiction,source,provision,mechanism,trigger,actor,scope,retention_or_timing,consequence,limits,date_state,ai_specific,verification_state
R014-EU-AIA-012,EU,Regulation (EU) 2024/1689 consolidated 2026-07-27,Article 12,RECORD_CREATION_LOGGING,high-risk AI system within applicable scope,high-risk AI system/provider design layer,automatic event logging and traceability over system lifetime,system lifetime capability,regulatory compliance/enforcement layer; no civil presumption inferred,phased high-risk applicability preserved; Article 12 is not civil discovery,CONTROLLED_SNAPSHOT_2026-07-27,YES,VERIFIED_CURRENT_CONTROLLED_TEXT
R014-EU-AIA-019,EU,Regulation (EU) 2024/1689 consolidated 2026-07-27,Article 19,RECORD_RETENTION,automatically generated Article 12 logs under provider control,provider of high-risk AI system,provider retention of controlled logs,appropriate to intended purpose and at least 6 months unless other Union/national law provides otherwise,regulatory compliance/enforcement layer; no litigation-hold equivalence,subject to other applicable law including data protection; provision text does not establish universal current applicability,CONTROLLED_SNAPSHOT_2026-07-27,YES,VERIFIED_CURRENT_CONTROLLED_TEXT
R014-EU-AIA-026-6,EU,Regulation (EU) 2024/1689 consolidated 2026-07-27,Article 26(6),RECORD_RETENTION,automatically generated logs under deployer control,deployer of high-risk AI system,deployer retention of controlled logs,appropriate to intended purpose and at least 6 months unless other Union/national law provides otherwise,regulatory compliance/enforcement layer; no litigation-hold equivalence,subject to other applicable law including data protection; phased applicability preserved,CONTROLLED_SNAPSHOT_2026-07-27,YES,VERIFIED_CURRENT_CONTROLLED_TEXT
R014-EU-PLD-009-C,EU,Directive (EU) 2024/2853,Article 9(1),DISCLOSURE,claimant presents facts/evidence sufficient to support plausibility,defendant in qualifying product-liability proceeding,relevant evidence at defendant disposal,within national proceedings,disclosure ordered under implementing national procedure,necessary/proportionate; confidentiality/trade secrets; national procedure dependencies,TRANSPOSITION_DEADLINE_2026-12-09,NO_AI_SPECIFIC_GENERAL_PRODUCT_RULE,VERIFIED_PRIMARY_TEXT
R014-EU-PLD-009-D,EU,Directive (EU) 2024/2853,Article 9(2)-(7),DISCLOSURE,defendant demonstrates need for evidence to counter claim,claimant/court in qualifying proceeding,relevant evidence at claimant disposal and court-managed presentation/protection,within national proceedings,disclosure mechanism and protective measures,national law remains material; pre-trial disclosure rules unaffected,TRANSPOSITION_DEADLINE_2026-12-09,NO_AI_SPECIFIC_GENERAL_PRODUCT_RULE,VERIFIED_PRIMARY_TEXT
R014-EU-PLD-010-1,EU,Directive (EU) 2024/2853,Article 10(1),BURDEN_OF_PROOF,product-liability claim,claimant,defectiveness damage and causal link,case-specific,claimant baseline proof burden,national standard/procedure remains relevant,TRANSPOSITION_DEADLINE_2026-12-09,NO_AI_SPECIFIC_GENERAL_PRODUCT_RULE,VERIFIED_PRIMARY_TEXT
R014-EU-PLD-010-2A,EU,Directive (EU) 2024/2853,Article 10(2)(a),REBUTTABLE_PRESUMPTION,defendant fails to disclose relevant evidence under Article 9(1),court/defendant in qualifying proceeding,defectiveness,case-specific,rebuttable presumption of defectiveness,does not cover every missing log or every nondisclosure; Article 9 trigger required,TRANSPOSITION_DEADLINE_2026-12-09,NO_AI_SPECIFIC_GENERAL_PRODUCT_RULE,VERIFIED_PRIMARY_TEXT
R014-EU-PLD-010-4,EU,Directive (EU) 2024/2853,Article 10(4)-(5),REBUTTABLE_PRESUMPTION,excessive proof difficulty especially technical/scientific complexity plus likelihood threshold,court/claimant/defendant,defectiveness and/or causal link,case-specific,rebuttable presumption,conditions and case-specific national-court assessment required; defendant may rebut,TRANSPOSITION_DEADLINE_2026-12-09,AI_RELEVANT_MACHINE_LEARNING_EXAMPLE_IN_RECITAL,VERIFIED_PRIMARY_TEXT
R014-EU-GDPR-005-2,EU,Regulation (EU) 2016/679,Article 5(2),ACCOUNTABILITY,processing of personal data within GDPR,controller,ability to demonstrate compliance,ongoing,regulatory accountability,no general civil discovery or adverse-inference rule created,CURRENT_BINDING_REGULATION,NO,VERIFIED_PRIMARY_TEXT
R014-EU-GDPR-015,EU,Regulation (EU) 2016/679,Article 15,ACCESS,data subject personal data processed by controller,controller/data subject,data-subject access to personal data and specified processing information,request-based,access right under GDPR,not party discovery; scope/exceptions and other GDPR rules remain controlling,CURRENT_BINDING_REGULATION,NO,VERIFIED_PRIMARY_TEXT
R014-EU-GDPR-028-3H,EU,Regulation (EU) 2016/679,Article 28(3)(h),ACCOUNTABILITY_AUDIT_INFORMATION,processor relationship within scope,processor/controller,information needed to demonstrate Article 28 compliance and audit contribution,contractual/processing relationship,compliance/audit support,not general litigation disclosure,CURRENT_BINDING_REGULATION,NO,VERIFIED_PRIMARY_TEXT
R014-EU-GDPR-030,EU,Regulation (EU) 2016/679,Article 30,RECORD_CREATION,controller/processor within Article 30 scope,controller/processor,records of processing activities,ongoing subject to Article 30 conditions,availability to supervisory authority on request,record of processing activity is not automatically an AI operational log; exemptions/conditions preserved,CURRENT_BINDING_REGULATION,NO,VERIFIED_PRIMARY_TEXT
R014-US-FRCP-016,US_FEDERAL,U.S. Courts Federal Rules of Civil Procedure pamphlet Dec. 1 2025,Rule 16(b)(3)(B)(iii),CASE_MANAGEMENT_ESI_PRESERVATION,scheduling order in federal civil action,federal district court/parties,disclosure discovery or preservation of ESI,case scheduling stage,court may include ESI preservation/discovery provisions,does not create universal pre-litigation retention for all AI systems,CURRENT_PAMPHLET_2025-12-01,NO,VERIFIED_CURRENT_OFFICIAL_TEXT
R014-US-FRCP-026-B1,US_FEDERAL,U.S. Courts Federal Rules of Civil Procedure pamphlet Dec. 1 2025,Rule 26(b)(1),DISCOVERY_SCOPE_PROPORTIONALITY,federal civil discovery,parties/court,nonprivileged matter relevant to claim or defense and proportional to needs of case,during discovery,defines discoverability scope,case-specific proportionality and privilege limits; federal district court scope only,CURRENT_PAMPHLET_2025-12-01,NO,VERIFIED_CURRENT_OFFICIAL_TEXT
R014-US-FRCP-026-F,US_FEDERAL,U.S. Courts Federal Rules of Civil Procedure pamphlet Dec. 1 2025,Rule 26(f)(3)(C),ESI_DISCOVERY_PLANNING,Rule 26(f) conference,parties,issues about disclosure discovery or preservation of ESI and production forms,discovery planning stage,requires discovery-plan treatment of identified ESI issues,not substantive AI logging requirement,CURRENT_PAMPHLET_2025-12-01,NO,VERIFIED_CURRENT_OFFICIAL_TEXT
R014-US-FRCP-034,US_FEDERAL,U.S. Courts Federal Rules of Civil Procedure pamphlet Dec. 1 2025,Rule 34,ESI_PRODUCTION,Rule 34 request within Rule 26(b) scope,requesting/responding parties,documents and ESI in possession custody or control,during discovery,inspection/copying/testing/sampling and production-form rules,subject to objections scope proportionality privilege and court orders,CURRENT_PAMPHLET_2025-12-01,NO,VERIFIED_CURRENT_OFFICIAL_TEXT
R014-US-FRCP-037E-1,US_FEDERAL,U.S. Courts Federal Rules of Civil Procedure pamphlet Dec. 1 2025,Rule 37(e)(1),MISSING_ESI_CONSEQUENCE,ESI should have been preserved in anticipation/conduct of litigation; lost through failure of reasonable steps; cannot be restored/replaced; prejudice found,party/court,qualifying lost ESI,after qualifying loss and prejudice finding,measures no greater than necessary to cure prejudice,all Rule 37(e) predicates required; case law defining predicates not researched,CURRENT_PAMPHLET_2025-12-01,NO,VERIFIED_CURRENT_OFFICIAL_TEXT
R014-US-FRCP-037E-2,US_FEDERAL,U.S. Courts Federal Rules of Civil Procedure pamphlet Dec. 1 2025,Rule 37(e)(2),MISSING_ESI_ADVERSE_CONSEQUENCE,Rule 37(e) predicates plus finding intent to deprive another party of information use in litigation,party/court,qualifying lost ESI,after intent-to-deprive finding,presumption/adverse jury instruction/dismissal/default options under rule,prejudice alone is not intent to deprive; application is case-specific,CURRENT_PAMPHLET_2025-12-01,NO,VERIFIED_CURRENT_OFFICIAL_TEXT
