right_or_interest,source_id,jurisdiction,authority_class,legal_status,subject_or_trigger,protection_or_process,scope_limit,unknown_or_open
HUMAN_DIGNITY,EU-004,EU,CONSTITUTIONAL_OR_TREATY_TEXT,BINDING_WITHIN_CHARTER_SCOPE,natural persons,Charter Article 1 dignity protection,Charter Article 51 field of application controls,case-specific application not attempted
PHYSICAL_AND_MENTAL_INTEGRITY,EU-004,EU,CONSTITUTIONAL_OR_TREATY_TEXT,BINDING_WITHIN_CHARTER_SCOPE,natural persons,Charter Article 3 physical and mental integrity,Charter Article 51 field of application controls,AI-specific application not attempted
PRIVATE_LIFE,EU-004,EU,CONSTITUTIONAL_OR_TREATY_TEXT,BINDING_WITHIN_CHARTER_SCOPE,natural persons,Charter Article 7 private/family life home communications,Charter Article 51 controls,AI-specific interference test not attempted
PERSONAL_DATA_PROTECTION,EU-004,EU,CONSTITUTIONAL_OR_TREATY_TEXT,BINDING_WITHIN_CHARTER_SCOPE,data concerning a person,Charter Article 8 fair specified-purpose processing plus access/rectification and independent control,Charter Article 51 controls,lawful-basis analysis not attempted
CONSENT_WITHDRAWAL,EU-005,EU,STATUTE_OR_REGULATION,BINDING,processing based on consent,GDPR Article 7(3) withdrawal at any time and as easy to withdraw as give,only where processing is consent-based; withdrawal not retroactive,other lawful bases not analysed
SPECIAL_CATEGORY_BIOMETRIC_DATA,EU-005,EU,STATUTE_OR_REGULATION,BINDING,biometric data used to uniquely identify plus other Article 9 categories,Article 9 default prohibition subject to enumerated exceptions,biometric processing outside unique-identification purpose requires separate analysis,Member-State additional conditions may apply
AUTOMATED_DECISION_SAFEGUARD,EU-005,EU,STATUTE_OR_REGULATION,BINDING,solely automated decision with legal or similarly significant effect,Article 22(1) right not to be subject plus exceptions and safeguards,not every AI-assisted decision; Article 22(2) exceptions apply,fact-specific trigger unresolved
HUMAN_INTERVENTION_AND_CONTEST,EU-005,EU,STATUTE_OR_REGULATION,BINDING_CONDITIONAL,Article 22(2)(a) or (c) exception route,Article 22(3) safeguards include human intervention viewpoint and contest,not a universal human-review right,exact system facts required
RECTIFICATION,EU-005,EU,STATUTE_OR_REGULATION,BINDING_CONDITIONAL,inaccurate/incomplete personal data,Article 16 rectification/completion,personal-data scope and purposes control,application to model inferences fact-specific
ERASURE,EU-005,EU,STATUTE_OR_REGULATION,BINDING_CONDITIONAL,Article 17 listed grounds,erasure right with enumerated exceptions,not absolute and not equivalent to universal reversibility,downstream model effects not analysed
RESTRICTION,EU-005,EU,STATUTE_OR_REGULATION,BINDING_CONDITIONAL,Article 18 listed grounds,restriction of processing,grounds and exceptions control,model-specific implementation not analysed
OBJECTION,EU-005,EU,STATUTE_OR_REGULATION,BINDING_CONDITIONAL,Article 21 processing bases/direct marketing,objection rights with basis-specific rules,not a blanket AI opt-out,overriding grounds may matter
MANIPULATION_AND_DECEPTION,EU-001,EU,STATUTE_OR_REGULATION,BINDING_DATE_SPECIFIC,AI practices meeting Article 5(1)(a) elements,prohibition on specified subliminal/manipulative/deceptive techniques,material distortion informed-decision impairment and significant-harm elements preserved,case classification not attempted
VULNERABILITY_EXPLOITATION,EU-001,EU,STATUTE_OR_REGULATION,BINDING_DATE_SPECIFIC,age disability or specific social/economic vulnerability plus Article 5(1)(b) elements,prohibition on specified exploitation causing material behavioural distortion and significant harm,narrow statutory trigger not general vulnerability rule,case classification not attempted
EMOTION_INFERENCE_WORK_EDUCATION,EU-001,EU,STATUTE_OR_REGULATION,BINDING_DATE_SPECIFIC,emotion inference in workplace or education,Article 5(1)(f) prohibition,medical/safety exception and biometric-data definition context preserved,other contexts require separate analysis
SENSITIVE_BIOMETRIC_CATEGORISATION,EU-001,EU,STATUTE_OR_REGULATION,BINDING_DATE_SPECIFIC,biometric categorisation deducing/infering listed sensitive characteristics,Article 5(1)(g) prohibition,statutory exceptions and scope preserved,other categorisation uses require separate analysis
AI_INTERACTION_DISCLOSURE,EU-001,EU,STATUTE_OR_REGULATION,BINDING_DATE_SPECIFIC,direct AI interaction with natural persons,Article 50(1) disclosure unless obvious plus stated exception,scope and law-enforcement safeguards preserved,system/context classification required
EMOTION_BIOMETRIC_DISCLOSURE,EU-001,EU,STATUTE_OR_REGULATION,BINDING_DATE_SPECIFIC,permitted emotion recognition or biometric categorisation,Article 50(3) exposure disclosure plus data-protection compliance,law-enforcement exception with safeguards,does not legalize otherwise prohibited use
DIGNITY_AND_INDIVIDUAL_AUTONOMY,INT-001,COE,TREATY_OR_INTERNATIONAL_INSTRUMENT,TREATY_FORM_NOT_TREATY_WIDE_IN_FORCE_R004,AI lifecycle activities,Article 7 treaty-text duty for Parties,R004 2026-09-12 Article 30 threshold unmet,no current treaty-wide obligation inferred
REMEDY_AND_CONTESTABILITY,INT-001,COE,TREATY_OR_INTERNATIONAL_INSTRUMENT,TREATY_FORM_NOT_TREATY_WIDE_IN_FORCE_R004,AI significantly affecting human rights,Articles 14-15 remedy information contest and procedural safeguards,R004 entry-into-force gate and domestic-law qualifiers control,domestic implementation not verified
DIGNITY_AGENCY_ETHICS,INT-003,UNESCO,SOFT_LAW_RECOMMENDATION,NONBINDING,AI lifecycle and affected persons,ethics framing for dignity rights agency autonomy and vulnerable persons,not statute/treaty/court holding,implementation varies
NEUROTECH_ETHICS_MENTAL_PRIVACY,INT-004,UNESCO,SOFT_LAW_RECOMMENDATION,NONBINDING,neurotechnology,certified-copy recommendation is research framing for neurotechnology rights and ethics,live body extraction shell-only in R011; no new clause-level proposition asserted,current implementation/state-specific law open
BRAIN_ACTIVITY_AND_DERIVED_INFORMATION,CL-001,CL,CONSTITUTIONAL_TEXT,BINDING_CHILE_SPECIFIC,scientific/technological development and use on persons,Ley 21.383 constitutional amendment specially safeguards brain activity and information derived from it,current constitutional text should be rechecked before broad jurisdiction-wide conclusion,sector statutes/remedies not analysed
GIRARDI_EMOTIV_CASE,CL-002,CL,BINDING_COURT_DECISION,CASE_ADMISSION_BLOCKED,official docket identity only,no holding admitted because official/accepted full text not verified,HTTP 200 anti-bot challenge is not full-text access,official full text remains open
COGNITIVE_LIBERTY_TERM,EU-001;EU-004;EU-005,EU,RESEARCH_LABEL,NOT_ESTABLISHED_AS_NAMED_RIGHT_BY_SELECTED_TEXTS,exact-term check,zero exact occurrences in selected controlled binding EU texts,R011 selected-source term result only; not universal negative finding,other jurisdictions/doctrine require separate research
